Title,Author,Average Ratings,Total Ratings
"The Hunger Games (The Hunger Games, #1)",Suzanne Collins, 4.33 avg rating,"6,193,957 ratings"
"Harry Potter and the Order of the Phoenix (Harry Potter, #5)",J.K. Rowling, 4.50 avg rating,"2,415,024 ratings"
To Kill a Mockingbird,Harper Lee, 4.28 avg rating,"4,350,156 ratings"
Pride and Prejudice,Jane Austen, 4.26 avg rating,"2,887,924 ratings"
"Twilight (Twilight, #1)",Stephenie Meyer, 3.59 avg rating,"4,817,218 ratings"
The Book Thief,Markus Zusak, 4.37 avg rating,"1,768,000 ratings"
"The Chronicles of Narnia (Chronicles of Narnia, #1-7)",C.S. Lewis, 4.26 avg rating,"498,926 ratings"
Animal Farm,George Orwell, 3.94 avg rating,"2,632,759 ratings"
J.R.R. Tolkien 4-Book Boxed Set: The Hobbit and The Lord of the Rings,J.R.R. Tolkien, 4.60 avg rating,"107,843 ratings"
Gone with the Wind,Margaret Mitchell, 4.30 avg rating,"1,054,612 ratings"
The Fault in Our Stars,John Green, 4.21 avg rating,"3,417,811 ratings"
"The Hitchhiker's Guide to the Galaxy (Hitchhiker's Guide to the Galaxy, #1)",Douglas Adams, 4.22 avg rating,"1,380,798 ratings"
The Giving Tree,Shel Silverstein, 4.38 avg rating,"878,876 ratings"
Wuthering Heights,Emily Brontë, 3.86 avg rating,"1,300,944 ratings"
"The Da Vinci Code (Robert Langdon, #2)",Dan Brown, 3.85 avg rating,"1,877,742 ratings"
Memoirs of a Geisha,Arthur Golden, 4.12 avg rating,"1,681,341 ratings"
The Picture of Dorian Gray,Oscar Wilde, 4.08 avg rating,"925,977 ratings"
Alice's Adventures in Wonderland & Through the Looking-Glass,Lewis Carroll, 4.07 avg rating,"444,750 ratings"
Jane Eyre,Charlotte Brontë, 4.12 avg rating,"1,577,560 ratings"
Les Misérables,Victor Hugo, 4.17 avg rating,"649,653 ratings"
"Divergent (Divergent, #1)",Veronica Roth, 4.20 avg rating,"2,814,763 ratings"
Fahrenheit 451,Ray Bradbury, 3.99 avg rating,"1,610,409 ratings"
Romeo and Juliet,William Shakespeare, 3.75 avg rating,"2,006,453 ratings"
Lord of the Flies,William Golding, 3.68 avg rating,"2,199,814 ratings"
The Alchemist,Paulo Coelho, 3.87 avg rating,"2,010,859 ratings"
Crime and Punishment,Fyodor Dostoyevsky, 4.22 avg rating,"600,827 ratings"
The Perks of Being a Wallflower,Stephen Chbosky, 4.20 avg rating,"1,213,306 ratings"
The Great Gatsby,F. Scott Fitzgerald, 3.92 avg rating,"3,655,547 ratings"
"Ender's Game (Ender's Saga, #1)",Orson Scott Card, 4.30 avg rating,"1,097,634 ratings"
"City of Bones (The Mortal Instruments, #1)",Cassandra Clare, 4.10 avg rating,"1,569,483 ratings"
The Help,Kathryn Stockett, 4.47 avg rating,"2,094,904 ratings"
"Anne of Green Gables (Anne of Green Gables, #1)",L.M. Montgomery, 4.26 avg rating,"698,887 ratings"
Charlotte's Web,E.B. White, 4.17 avg rating,"1,369,839 ratings"
The Time Traveler's Wife,Audrey Niffenegger, 3.97 avg rating,"1,541,442 ratings"
The Little Prince,Antoine de Saint-Exupéry, 4.31 avg rating,"1,287,273 ratings"
Of Mice and Men,John Steinbeck, 3.87 avg rating,"1,891,273 ratings"
"Harry Potter and the Sorcerer's Stone (Harry Potter, #1)",J.K. Rowling, 4.47 avg rating,"6,765,064 ratings"
Dracula,Bram Stoker,really liked it 4.00 avg rating,"903,017 ratings"
Brave New World,Aldous Huxley, 3.99 avg rating,"1,391,469 ratings"
One Hundred Years of Solitude,Gabriel García Márquez, 4.08 avg rating,"727,526 ratings"
The Princess Bride,William Goldman, 4.26 avg rating,"759,896 ratings"
The Catcher in the Rye,J.D. Salinger, 3.81 avg rating,"2,659,848 ratings"
The Secret Garden,Frances Hodgson Burnett, 4.14 avg rating,"860,963 ratings"
A Thousand Splendid Suns,Khaled Hosseini, 4.37 avg rating,"1,112,043 ratings"
"The Lightning Thief (Percy Jackson and the Olympians, #1)",Rick Riordan, 4.25 avg rating,"1,909,346 ratings"
"A Wrinkle in Time (Time Quintet, #1)",Madeleine L'Engle,really liked it 4.00 avg rating,"1,028,993 ratings"
"A Game of Thrones (A Song of Ice and Fire, #1)",George R.R. Martin, 4.45 avg rating,"1,944,747 ratings"
The Adventures of Huckleberry Finn,Mark Twain, 3.82 avg rating,"1,132,188 ratings"
The Lovely Bones,Alice Sebold, 3.81 avg rating,"1,970,054 ratings"
Where the Wild Things Are,Maurice Sendak, 4.22 avg rating,"791,554 ratings"
The Outsiders,S.E. Hinton, 4.10 avg rating,"903,395 ratings"
Green Eggs and Ham,Dr. Seuss, 4.30 avg rating,"592,678 ratings"
The Odyssey,Homer, 3.77 avg rating,"841,901 ratings"
Life of Pi,Yann Martel, 3.91 avg rating,"1,303,120 ratings"
A Tale of Two Cities,Charles Dickens, 3.84 avg rating,"792,536 ratings"
Water for Elephants,Sara Gruen, 4.09 avg rating,"1,347,785 ratings"
Lolita,Vladimir Nabokov, 3.89 avg rating,"645,140 ratings"
Slaughterhouse-Five,Kurt Vonnegut Jr., 4.08 avg rating,"1,098,092 ratings"
Frankenstein: The 1818 Text,Mary Wollstonecraft Shelley, 3.80 avg rating,"1,127,045 ratings"
The Kite Runner,Khaled Hosseini, 4.30 avg rating,"2,354,134 ratings"
The Handmaid's Tale,Margaret Atwood, 4.11 avg rating,"1,389,295 ratings"
"The Giver (The Giver, #1)",Lois Lowry, 4.13 avg rating,"1,719,430 ratings"
"Catch-22 (Catch-22, #1)",Joseph Heller, 3.98 avg rating,"707,108 ratings"
"Dune (Dune, #1)",Frank Herbert, 4.23 avg rating,"712,288 ratings"
"The Pillars of the Earth (Kingsbridge, #1)",Ken Follett, 4.32 avg rating,"629,908 ratings"
The Stand,Stephen King, 4.34 avg rating,"594,740 ratings"
The Adventures of Sherlock Holmes,Arthur Conan Doyle, 4.30 avg rating,"234,057 ratings"
"Watership Down (Watership Down, #1)",Richard  Adams, 4.06 avg rating,"422,506 ratings"
Great Expectations,Charles Dickens, 3.77 avg rating,"632,934 ratings"
One Flew Over the Cuckoo's Nest,Ken Kesey, 4.20 avg rating,"614,724 ratings"
The Bell Jar,Sylvia Plath, 4.01 avg rating,"570,675 ratings"
Anna Karenina,Leo Tolstoy, 4.05 avg rating,"644,725 ratings"
My Sister's Keeper,Jodi Picoult, 4.08 avg rating,"1,038,435 ratings"
Little Women,Louisa May Alcott, 4.08 avg rating,"1,629,108 ratings"
"Outlander (Outlander, #1)",Diana Gabaldon, 4.23 avg rating,"793,467 ratings"
"The Girl with the Dragon Tattoo (Millennium, #1)",Stieg Larsson, 4.14 avg rating,"2,532,079 ratings"
Matilda,Roald Dahl, 4.32 avg rating,"611,575 ratings"
"Harry Potter and the Deathly Hallows (Harry Potter, #7)",J.K. Rowling, 4.62 avg rating,"2,711,777 ratings"
"The Fellowship of the Ring (The Lord of the Rings, #1)",J.R.R. Tolkien, 4.36 avg rating,"2,294,078 ratings"
Rebecca,Daphne du Maurier, 4.23 avg rating,"428,347 ratings"
The Color Purple,Alice Walker, 4.21 avg rating,"500,918 ratings"
A Tree Grows in Brooklyn,Betty  Smith, 4.27 avg rating,"379,272 ratings"
The Road,Cormac McCarthy, 3.97 avg rating,"694,798 ratings"
1984,George Orwell, 4.18 avg rating,"2,998,711 ratings"
The Brothers Karamazov,Fyodor Dostoyevsky, 4.32 avg rating,"233,951 ratings"
"Angela's Ashes (Frank McCourt, #1)",Frank McCourt, 4.11 avg rating,"525,958 ratings"
"Vampire Academy (Vampire Academy, #1)",Richelle Mead, 4.13 avg rating,"534,099 ratings"
The Poisonwood Bible,Barbara Kingsolver, 4.06 avg rating,"647,717 ratings"
Siddhartha,Hermann Hesse, 4.03 avg rating,"560,243 ratings"
"The Golden Compass (His Dark Materials, #1)",Philip Pullman, 3.98 avg rating,"1,249,485 ratings"
Don Quixote,Miguel de Cervantes Saavedra, 3.87 avg rating,"201,441 ratings"
Atlas Shrugged,Ayn Rand, 3.69 avg rating,"347,096 ratings"
The Old Man and the Sea,Ernest Hemingway, 3.78 avg rating,"800,387 ratings"
"Harry Potter and the Prisoner of Azkaban (Harry Potter, #3)",J.K. Rowling, 4.57 avg rating,"2,684,595 ratings"
"The Notebook (The Notebook, #1)",Nicholas Sparks, 4.10 avg rating,"1,295,129 ratings"
A Clockwork Orange,Anthony Burgess, 3.99 avg rating,"580,172 ratings"
"Winnie-the-Pooh (Winnie-the-Pooh, #1)",A.A. Milne, 4.35 avg rating,"259,659 ratings"
The Complete Stories and Poems,Edgar Allan Poe, 4.39 avg rating,"211,814 ratings"
A Prayer for Owen Meany,John Irving, 4.23 avg rating,"282,074 ratings"
"Interview with the Vampire (The Vampire Chronicles, #1)",Anne Rice,really liked it 4.00 avg rating,"471,473 ratings"
"Moby-Dick or, the Whale",Herman Melville, 3.50 avg rating,"469,227 ratings"
The Red Tent,Anita Diamant, 4.18 avg rating,"509,802 ratings"
The Secret Life of Bees,Sue Monk Kidd, 4.05 avg rating,"1,095,435 ratings"
"Harry Potter and the Goblet of Fire (Harry Potter, #4)",J.K. Rowling, 4.56 avg rating,"2,493,478 ratings"
"Clockwork Angel (The Infernal Devices, #1)",Cassandra Clare, 4.33 avg rating,"637,838 ratings"
And Then There Were None,Agatha Christie, 4.26 avg rating,"768,423 ratings"
Middlesex,Jeffrey Eugenides, 4.01 avg rating,"573,562 ratings"
"Harry Potter and the Half-Blood Prince (Harry Potter, #6)",J.K. Rowling, 4.57 avg rating,"2,350,169 ratings"
The Stranger,Albert Camus, 3.98 avg rating,"673,989 ratings"
The Master and Margarita,Mikhail Bulgakov, 4.30 avg rating,"231,132 ratings"
"The Name of the Wind (The Kingkiller Chronicle, #1)",Patrick Rothfuss, 4.54 avg rating,"684,330 ratings"
The Shining,Stephen King, 4.23 avg rating,"1,084,324 ratings"
The Adventures of Tom Sawyer,Mark Twain, 3.91 avg rating,"736,933 ratings"
"Eragon (The Inheritance Cycle, #1)",Christopher Paolini, 3.90 avg rating,"1,396,958 ratings"
"Charlie and the Chocolate Factory (Charlie Bucket, #1)",Roald Dahl, 4.14 avg rating,"638,688 ratings"
On the Road,Jack Kerouac, 3.62 avg rating,"336,131 ratings"
Flowers For Algernon,Daniel Keyes, 4.13 avg rating,"462,420 ratings"
The Metamorphosis,Franz Kafka, 3.82 avg rating,"607,642 ratings"
Looking for Alaska,John Green, 4.03 avg rating,"1,078,320 ratings"
"The Shadow of the Wind (The Cemetery of Forgotten Books, #1)",Carlos Ruiz Zafón, 4.27 avg rating,"438,874 ratings"
The Curious Incident of the Dog in the Night-Time,Mark Haddon, 3.88 avg rating,"1,158,367 ratings"
The Very Hungry Caterpillar,Eric Carle, 4.30 avg rating,"382,681 ratings"
Tuesdays with Morrie,Mitch Albom, 4.11 avg rating,"756,915 ratings"
The Unbearable Lightness of Being,Milan Kundera, 4.10 avg rating,"327,718 ratings"
The Name of the Rose,Umberto Eco, 4.12 avg rating,"289,154 ratings"
Where the Red Fern Grows,Wilson Rawls, 4.08 avg rating,"332,933 ratings"
The Scarlet Letter,Nathaniel Hawthorne, 3.41 avg rating,"688,731 ratings"
The Godfather,Mario Puzo, 4.37 avg rating,"322,095 ratings"
"Harry Potter and the Chamber of Secrets (Harry Potter, #2)",J.K. Rowling, 4.42 avg rating,"2,619,738 ratings"
In Cold Blood,Truman Capote, 4.07 avg rating,"507,593 ratings"
Fight Club,Chuck Palahniuk, 4.19 avg rating,"482,682 ratings"
The Five People You Meet in Heaven,Mitch Albom, 3.94 avg rating,"565,813 ratings"
"Hush, Hush (Hush, Hush, #1)",Becca Fitzpatrick, 3.97 avg rating,"554,688 ratings"
Lonesome Dove,Larry McMurtry, 4.49 avg rating,"142,700 ratings"
The Cat in the Hat,Dr. Seuss, 4.17 avg rating,"408,587 ratings"
"American Gods (American Gods, #1)",Neil Gaiman, 4.11 avg rating,"734,208 ratings"
"Holes (Holes, #1)",Louis Sachar, 3.97 avg rating,"940,902 ratings"
Perfume: The Story of a Murderer,Patrick Süskind, 4.03 avg rating,"308,448 ratings"
The Count of Monte Cristo,Alexandre Dumas, 4.25 avg rating,"727,993 ratings"
"The Lion, the Witch and the Wardrobe (Chronicles of Narnia, #1)",C.S. Lewis, 4.22 avg rating,"2,062,779 ratings"
It,Stephen King, 4.24 avg rating,"768,495 ratings"
Watchmen,Alan Moore, 4.36 avg rating,"478,554 ratings"
"The Little House Collection (Little House, #1-9)",Laura Ingalls Wilder, 4.34 avg rating,"139,538 ratings"
"The Last Olympian (Percy Jackson and the Olympians, #5)",Rick Riordan, 4.51 avg rating,"635,376 ratings"
The Divine Comedy,Dante Alighieri, 4.06 avg rating,"111,817 ratings"
Peter Pan,J.M. Barrie, 4.07 avg rating,"261,210 ratings"
All Quiet on the Western Front,Erich Maria Remarque, 3.98 avg rating,"347,449 ratings"
The Compleat Works of Wllm Shkspr,Reduced Shakespeare Company, 4.44 avg rating,"8,383 ratings"
Love in the Time of Cholera,Gabriel García Márquez, 3.92 avg rating,"397,156 ratings"
"Shadow Kiss (Vampire Academy, #3)",Richelle Mead, 4.36 avg rating,"317,705 ratings"
A Walk to Remember,Nicholas Sparks, 4.18 avg rating,"655,665 ratings"
The Thorn Birds,Colleen McCullough, 4.23 avg rating,"306,768 ratings"
"Insurgent (Divergent, #2)",Veronica Roth, 4.03 avg rating,"1,131,994 ratings"
"The Hobbit, or There and Back Again",J.R.R. Tolkien, 4.27 avg rating,"2,801,458 ratings"
How the Grinch Stole Christmas!,Dr. Seuss, 4.37 avg rating,"319,280 ratings"
"The Ultimate Hitchhiker's Guide to the Galaxy (Hitchhiker's Guide to the Galaxy, #1-5)",Douglas Adams, 4.36 avg rating,"279,521 ratings"
The Importance of Being Earnest,Oscar Wilde, 4.18 avg rating,"295,856 ratings"
"Eat, Pray, Love",Elizabeth Gilbert, 3.56 avg rating,"1,436,567 ratings"
Atonement,Ian McEwan, 3.90 avg rating,"430,073 ratings"
Their Eyes Were Watching God,Zora Neale Hurston, 3.92 avg rating,"251,877 ratings"
"The Three Musketeers (The D'Artagnan Romances, #1)",Alexandre Dumas, 4.07 avg rating,"265,896 ratings"
"The Wonderful Wizard of Oz (Oz, #1)",L. Frank Baum, 3.99 avg rating,"354,228 ratings"
"Frostbite (Vampire Academy, #2)",Richelle Mead, 4.28 avg rating,"301,268 ratings"
Goodnight Moon,Margaret Wise Brown, 4.28 avg rating,"295,240 ratings"
The Lorax,Dr. Seuss, 4.35 avg rating,"273,413 ratings"
"Good Omens: The Nice and Accurate Prophecies of Agnes Nutter, Witch",Terry Pratchett, 4.25 avg rating,"515,856 ratings"
"Blood Promise (Vampire Academy, #4)",Richelle Mead, 4.34 avg rating,"269,057 ratings"
Tess of the D'Urbervilles,Thomas Hardy, 3.80 avg rating,"232,962 ratings"
"The Good Earth (House of Earth, #1)",Pearl S. Buck, 3.98 avg rating,"219,551 ratings"
Heart of Darkness,Joseph Conrad, 3.43 avg rating,"400,842 ratings"
The Prophet,Kahlil Gibran, 4.23 avg rating,"225,508 ratings"
A Midsummer Night's Dream,William Shakespeare, 3.95 avg rating,"434,199 ratings"
"The Battle of the Labyrinth (Percy Jackson and the Olympians, #4)",Rick Riordan, 4.40 avg rating,"707,454 ratings"
"The Mists of Avalon (Avalon, #1)",Marion Zimmer Bradley, 4.12 avg rating,"186,292 ratings"
"Clockwork Princess (The Infernal Devices, #3)",Cassandra Clare, 4.58 avg rating,"319,521 ratings"
The Joy Luck Club,Amy Tan, 3.93 avg rating,"588,802 ratings"
"The Sea of Monsters (Percy Jackson and the Olympians, #2)",Rick Riordan, 4.24 avg rating,"712,042 ratings"
Alice in Wonderland,Jane Carruth, 4.03 avg rating,"374,609 ratings"
"The Titan's Curse (Percy Jackson and the Olympians, #3)",Rick Riordan, 4.35 avg rating,"651,554 ratings"
The Call of the Wild,Jack London, 3.87 avg rating,"328,349 ratings"
Jonathan Livingston Seagull,Richard Bach, 3.84 avg rating,"195,741 ratings"
Madame Bovary,Gustave Flaubert, 3.67 avg rating,"243,620 ratings"
The Phantom Tollbooth,Norton Juster, 4.21 avg rating,"230,084 ratings"
Bridge to Terabithia,Katherine Paterson, 4.01 avg rating,"430,445 ratings"
"Oh, the Places You'll Go!",Dr. Seuss, 4.36 avg rating,"317,292 ratings"
"The Girl Who Played with Fire (Millennium, #2)",Stieg Larsson, 4.24 avg rating,"791,127 ratings"
"The Hunger Games Trilogy Boxset (The Hunger Games, #1-3)",Suzanne Collins, 4.48 avg rating,"184,744 ratings"
"The Maze Runner (The Maze Runner, #1)",James Dashner, 4.02 avg rating,"1,007,777 ratings"
Oliver Twist,Charles Dickens, 3.87 avg rating,"309,712 ratings"
Ulysses,James Joyce, 3.73 avg rating,"106,959 ratings"
A Clockwork Orange,Anthony Burgess, 3.99 avg rating,"580,172 ratings"
The Neverending Story,Michael Ende, 4.18 avg rating,"156,604 ratings"
Treasure Island,Robert Louis Stevenson, 3.83 avg rating,"387,047 ratings"
The Clan of the Cave Bear,Jean M. Auel, 4.05 avg rating,"223,604 ratings"
"Fifty Shades of Grey (Fifty Shades, #1)",E.L. James, 3.66 avg rating,"1,876,934 ratings"
The Canterbury Tales,Geoffrey Chaucer, 3.50 avg rating,"184,895 ratings"
The World According to Garp,John Irving, 4.09 avg rating,"201,502 ratings"
"A Storm of Swords (A Song of Ice and Fire, #3)",George R.R. Martin, 4.54 avg rating,"649,730 ratings"
A Farewell to Arms,Ernest Hemingway, 3.81 avg rating,"256,939 ratings"
David Copperfield,Charles Dickens, 3.99 avg rating,"194,697 ratings"
Thirteen Reasons Why,Jay Asher, 3.93 avg rating,"750,808 ratings"
"Wicked: The Life and Times of the Wicked Witch of the West (The Wicked Years, #1)",Gregory Maguire, 3.53 avg rating,"565,414 ratings"
"Shōgun (Asian Saga, #1)",James Clavell, 4.39 avg rating,"142,643 ratings"
Extremely Loud & Incredibly Close,Jonathan Safran Foer, 3.98 avg rating,"373,733 ratings"
"The Other Boleyn Girl (The Plantagenet and Tudor Novels, #9)",Philippa Gregory, 4.06 avg rating,"449,741 ratings"
A Little Princess,Frances Hodgson Burnett, 4.20 avg rating,"264,852 ratings"
Schindler's List,Thomas Keneally, 4.35 avg rating,"139,510 ratings"
His Dark Materials (His Dark Materials #1-3),Philip Pullman, 4.26 avg rating,"139,144 ratings"
"Murder on the Orient Express (Hercule Poirot, #10)",Agatha Christie, 4.17 avg rating,"355,274 ratings"
The Boy in the Striped Pajamas,John Boyne, 4.15 avg rating,"489,621 ratings"
"Fallen (Fallen, #1)",Lauren Kate, 3.73 avg rating,"479,352 ratings"
"Last Sacrifice (Vampire Academy, #6)",Richelle Mead, 4.40 avg rating,"250,324 ratings"
"Jurassic Park (Jurassic Park, #1)",Michael Crichton, 4.03 avg rating,"782,795 ratings"
The Night Circus,Erin Morgenstern, 4.04 avg rating,"652,696 ratings"
The Secret Magdalene,Ki Longfellow, 4.07 avg rating,"4,176 ratings"
The Silmarillion,J.R.R. Tolkien, 3.93 avg rating,"208,888 ratings"
A Confederacy of Dunces,John Kennedy Toole, 3.89 avg rating,"225,844 ratings"
Beloved,Toni Morrison, 3.85 avg rating,"311,849 ratings"
The Sun Also Rises,Ernest Hemingway, 3.82 avg rating,"359,275 ratings"
The Trial,Franz Kafka, 3.97 avg rating,"221,219 ratings"
The Velveteen Rabbit,Margery Williams Bianco, 4.30 avg rating,"215,310 ratings"
"Spirit Bound (Vampire Academy, #5)",Richelle Mead, 4.36 avg rating,"255,461 ratings"
"The Selection (The Selection, #1)",Kiera Cass, 4.14 avg rating,"837,092 ratings"
"The Lost Hero (The Heroes of Olympus, #1)",Rick Riordan, 4.34 avg rating,"593,926 ratings"
The Iliad/The Odyssey,Homer, 4.04 avg rating,"61,223 ratings"
Cat's Cradle,Kurt Vonnegut Jr., 4.16 avg rating,"331,984 ratings"
The Crucible,Arthur  Miller, 3.58 avg rating,"315,150 ratings"
"Clockwork Prince (The Infernal Devices, #2)",Cassandra Clare, 4.45 avg rating,"424,093 ratings"
"Throne of Glass (Throne of Glass, #1)",Sarah J. Maas, 4.21 avg rating,"554,196 ratings"
"Catching Fire (The Hunger Games, #2)",Suzanne Collins, 4.29 avg rating,"2,416,789 ratings"
Girl with a Pearl Earring,Tracy Chevalier, 3.89 avg rating,"611,571 ratings"
The Screwtape Letters,C.S. Lewis, 4.23 avg rating,"318,983 ratings"
The Hiding Place: The Triumphant True Story of Corrie Ten Boom,Corrie ten Boom, 4.43 avg rating,"247,183 ratings"
The God of Small Things,Arundhati Roy, 3.94 avg rating,"235,198 ratings"
The Wind in the Willows,Kenneth Grahame, 3.99 avg rating,"172,601 ratings"
Animal Farm,George Orwell, 3.94 avg rating,"2,632,759 ratings"
A Light in the Attic,Shel Silverstein, 4.35 avg rating,"364,831 ratings"
"Shiver (The Wolves of Mercy Falls, #1)",Maggie Stiefvater, 3.77 avg rating,"420,936 ratings"
"The Silence of the Lambs  (Hannibal Lecter, #2)",Thomas  Harris, 4.19 avg rating,"448,673 ratings"
"Uglies (Uglies, #1)",Scott Westerfeld, 3.86 avg rating,"547,269 ratings"
She's Come Undone,Wally Lamb, 3.88 avg rating,"311,571 ratings"
Man's Search for Meaning,Viktor E. Frankl, 4.36 avg rating,"365,124 ratings"
"City of Fallen Angels (The Mortal Instruments, #4)",Cassandra Clare, 4.13 avg rating,"462,940 ratings"
Marley and Me: Life and Love With the World's Worst Dog,John Grogan, 4.14 avg rating,"434,897 ratings"
The Wind-Up Bird Chronicle,Haruki Murakami, 4.16 avg rating,"209,848 ratings"
Ella Enchanted (Ella Enchanted #1),Gail Carson Levine, 3.98 avg rating,"377,310 ratings"
The Phantom of the Opera,Gaston Leroux, 3.97 avg rating,"192,782 ratings"
The Sound and the Fury,William Faulkner, 3.86 avg rating,"155,885 ratings"
The Shack,William Paul Young, 3.77 avg rating,"524,421 ratings"
"A Clash of Kings  (A Song of Ice and Fire, #2)",George R.R. Martin, 4.41 avg rating,"768,136 ratings"
Blindness,José Saramago, 4.13 avg rating,"190,409 ratings"
The Green Mile,Stephen King, 4.45 avg rating,"241,110 ratings"
"Marked (House of Night, #1)",P.C. Cast, 3.80 avg rating,"419,793 ratings"
Fear and Loathing in Las Vegas,Hunter S. Thompson, 4.08 avg rating,"292,397 ratings"
"Cinder (The Lunar Chronicles, #1)",Marissa Meyer, 4.14 avg rating,"651,084 ratings"
The Guernsey Literary and Potato Peel Pie Society,Mary Ann Shaffer, 4.17 avg rating,"590,024 ratings"
For Whom the Bell Tolls,Ernest Hemingway, 3.97 avg rating,"244,485 ratings"
The Complete Calvin and Hobbes,Bill Watterson, 4.82 avg rating,"34,366 ratings"
The House of the Spirits,Isabel Allende, 4.23 avg rating,"182,114 ratings"
Roots: The Saga of an American Family,Alex Haley, 4.44 avg rating,"142,001 ratings"
Island of the Blue Dolphins,Scott O'Dell, 3.84 avg rating,"281,933 ratings"
Stranger in a Strange Land,Robert A. Heinlein, 3.92 avg rating,"269,575 ratings"
Misery,Stephen King, 4.16 avg rating,"477,117 ratings"
"Howl's Moving Castle (Howl's Moving Castle, #1)",Diana Wynne Jones, 4.28 avg rating,"200,550 ratings"
Midnight Sun [2008 Draft],Stephenie Meyer, 4.02 avg rating,"143,952 ratings"
White Oleander,Janet Fitch, 3.97 avg rating,"317,931 ratings"
"The Girl Who Kicked the Hornet's Nest (Millennium, #3)",Stieg Larsson, 4.22 avg rating,"629,789 ratings"
"Beautiful Disaster (Beautiful, #1)",Jamie McGuire, 4.11 avg rating,"533,011 ratings"
Flow Down Like Silver: Hypatia of Alexandria,Ki Longfellow, 4.43 avg rating,"2,219 ratings"
"Delirium (Delirium, #1)",Lauren Oliver, 3.97 avg rating,"410,087 ratings"
Othello,William Shakespeare, 3.89 avg rating,"306,390 ratings"
Speak,Laurie Halse Anderson, 4.02 avg rating,"476,900 ratings"
Paper Towns,John Green, 3.81 avg rating,"880,350 ratings"
The Idiot,Fyodor Dostoyevsky, 4.18 avg rating,"125,551 ratings"
"The Vampire Lestat (The Vampire Chronicles, #2)",Anne Rice, 4.07 avg rating,"171,263 ratings"
"The Once and Future King (The Once and Future King, #1-4)",T.H. White, 4.07 avg rating,"94,620 ratings"
I Know This Much Is True,Wally Lamb, 4.19 avg rating,"285,639 ratings"
The Secret History,Donna Tartt, 4.10 avg rating,"289,631 ratings"
King Lear,William Shakespeare, 3.91 avg rating,"174,953 ratings"
"Neverwhere (London Below, #1)",Neil Gaiman, 4.17 avg rating,"414,573 ratings"
Into the Wild,Jon Krakauer, 3.98 avg rating,"853,760 ratings"
"Lamb: The Gospel According to Biff, Christ's Childhood Pal",Christopher Moore, 4.25 avg rating,"147,906 ratings"
Uncle Tom's Cabin,Harriet Beecher Stowe, 3.87 avg rating,"191,193 ratings"
"Inkheart (Inkworld, #1)",Cornelia Funke, 3.89 avg rating,"356,401 ratings"
The Diary of a Young Girl,Anne Frank, 4.14 avg rating,"2,643,012 ratings"
The Historian,Elizabeth Kostova, 3.78 avg rating,"236,804 ratings"
James and the Giant Peach,Roald Dahl, 4.02 avg rating,"364,990 ratings"
Invisible Man,Ralph Ellison, 3.87 avg rating,"152,494 ratings"
The Complete Sherlock Holmes,Arthur Conan Doyle, 4.50 avg rating,"165,670 ratings"
Candide,Voltaire, 3.77 avg rating,"214,190 ratings"
"Graceling (Graceling Realm, #1)",Kristin Cashore, 4.08 avg rating,"372,140 ratings"
"All Creatures Great and Small (All Creatures Great and Small, #1)",James Herriot, 4.32 avg rating,"110,843 ratings"
Leaves of Grass,Walt Whitman, 4.12 avg rating,"87,637 ratings"
Paradise Lost,John Milton, 3.82 avg rating,"129,559 ratings"
Gone Girl,Gillian Flynn, 4.07 avg rating,"2,247,234 ratings"
The Thirteenth Tale,Diane Setterfield, 3.96 avg rating,"267,030 ratings"
Different Seasons,Stephen King, 4.35 avg rating,"169,388 ratings"
The Cider House Rules,John Irving, 4.13 avg rating,"158,225 ratings"
The Things They Carried,Tim O'Brien, 4.13 avg rating,"244,502 ratings"
The Time Machine,H.G. Wells, 3.89 avg rating,"397,650 ratings"
"Foundation (Foundation, #1)",Isaac Asimov, 4.17 avg rating,"392,979 ratings"
The Complete Works,William Shakespeare, 4.50 avg rating,"49,951 ratings"
Norwegian Wood,Haruki Murakami, 4.03 avg rating,"327,635 ratings"
"Heidi (Heidi, #1-2)",Johanna Spyri, 3.99 avg rating,"169,449 ratings"
"Are You There God? It's Me, Margaret",Judy Blume, 3.91 avg rating,"182,847 ratings"
Kafka on the Shore,Haruki Murakami, 4.14 avg rating,"290,021 ratings"
Sophie's World,Jostein Gaarder, 3.93 avg rating,"191,254 ratings"
Walden,Henry David Thoreau, 3.79 avg rating,"150,292 ratings"
Blood River: A Journey to Africa's Broken Heart,Tim Butcher, 4.06 avg rating,"7,281 ratings"
"City of Lost Souls (The Mortal Instruments, #5)",Cassandra Clare, 4.28 avg rating,"407,503 ratings"
"The Wise Man's Fear (The Kingkiller Chronicle, #2)",Patrick Rothfuss, 4.57 avg rating,"408,508 ratings"
زندگی مه آلود پریا,سید مرتضی مصطفوی, 3.93 avg rating,942 ratings
The Awakening,Kate Chopin, 3.65 avg rating,"167,737 ratings"
Sophie's Choice,William Styron, 4.19 avg rating,"80,600 ratings"
Fangirl,Rainbow Rowell, 4.06 avg rating,"550,006 ratings"
The Prince of Tides,Pat Conroy, 4.24 avg rating,"189,589 ratings"
Fried Green Tomatoes at the Whistle Stop Cafe,Fannie Flagg, 4.28 avg rating,"260,799 ratings"
"Dead Until Dark (Sookie Stackhouse, #1)",Charlaine Harris, 3.96 avg rating,"487,786 ratings"
Never Let Me Go,Kazuo Ishiguro, 3.82 avg rating,"449,402 ratings"
"The Son of Neptune (The Heroes of Olympus, #2)",Rick Riordan, 4.44 avg rating,"394,897 ratings"
"Fifty Shades Darker (Fifty Shades, #2)",E.L. James, 3.85 avg rating,"724,959 ratings"
The Monster at the End of this Book,Jon Stone, 4.45 avg rating,"118,676 ratings"
"Things Fall Apart (The African Trilogy, #1)",Chinua Achebe, 3.67 avg rating,"277,620 ratings"
Middlemarch,George Eliot, 3.97 avg rating,"132,510 ratings"
"Bridget Jones's Diary (Bridget Jones, #1)",Helen Fielding, 3.78 avg rating,"870,488 ratings"
Franny and Zooey,J.D. Salinger, 3.98 avg rating,"182,545 ratings"
Mrs. Dalloway,Virginia Woolf, 3.79 avg rating,"214,979 ratings"
"The Magician's Nephew (Chronicles of Narnia, #6)",C.S. Lewis, 4.04 avg rating,"394,355 ratings"
"Ready Player One (Ready Player One, #1)",Ernest Cline, 4.26 avg rating,"821,858 ratings"
Stardust,Neil Gaiman, 4.09 avg rating,"345,749 ratings"
"The Power of One (The Power of One, #1)",Bryce Courtenay, 4.35 avg rating,"75,898 ratings"
"A Time to Kill (Jake Brigance, #1)",John Grisham, 4.07 avg rating,"690,404 ratings"
The Gunslinger,Stephen King, 3.95 avg rating,"498,052 ratings"
Number the Stars,Lois Lowry, 4.15 avg rating,"431,099 ratings"
A Short History of Nearly Everything,Bill Bryson, 4.21 avg rating,"283,663 ratings"
Do Androids Dream of Electric Sheep?,Philip K. Dick, 4.09 avg rating,"329,265 ratings"
Eleanor & Park,Rainbow Rowell, 4.07 avg rating,"827,208 ratings"
"A Court of Mist and Fury (A Court of Thorns and Roses, #2)",Sarah J. Maas, 4.65 avg rating,"292,300 ratings"
Black Beauty,Anna Sewell, 3.96 avg rating,"231,256 ratings"
"Mockingjay (The Hunger Games, #3)",Suzanne Collins, 4.04 avg rating,"2,266,876 ratings"
A Portrait of the Artist as a Young Man,James Joyce, 3.62 avg rating,"125,411 ratings"
The Art of Racing in the Rain,Garth Stein, 4.21 avg rating,"443,773 ratings"
"Allegiant (Divergent, #3)",Veronica Roth, 3.63 avg rating,"801,155 ratings"
Gulliver's Travels,Jonathan Swift, 3.57 avg rating,"226,618 ratings"
Bel Canto,Ann Patchett, 3.93 avg rating,"234,737 ratings"
American Psycho,Bret Easton Ellis, 3.82 avg rating,"230,444 ratings"
"If I Stay (If I Stay, #1)",Gayle Forman, 3.95 avg rating,"694,758 ratings"
"Me Before You (Me Before You, #1)",Jojo Moyes, 4.26 avg rating,"1,096,885 ratings"
The Hound of the Baskervilles,Arthur Conan Doyle, 4.12 avg rating,"243,978 ratings"
"Legend (Legend, #1)",Marie Lu, 4.18 avg rating,"398,104 ratings"
Love You Forever,Robert Munsch, 4.36 avg rating,"196,442 ratings"
"The Mark of Athena (The Heroes of Olympus, #3)",Rick Riordan, 4.46 avg rating,"424,313 ratings"
V for Vendetta,Alan Moore, 4.25 avg rating,"255,419 ratings"
"The Lord of the Rings (The Lord of the Rings, #1-3)",J.R.R. Tolkien, 4.50 avg rating,"547,589 ratings"
The Complete Novels,Jane Austen, 4.56 avg rating,"29,056 ratings"
Cold Mountain,Charles Frazier, 3.86 avg rating,"217,362 ratings"
The Witches,Roald Dahl, 4.18 avg rating,"299,131 ratings"
The Graveyard Book,Neil Gaiman, 4.14 avg rating,"422,665 ratings"
القرآن الكريم,Anonymous, 4.35 avg rating,"56,650 ratings"
White Fang,Jack London, 3.98 avg rating,"147,386 ratings"
"The Way of Kings (The Stormlight Archive, #1)",Brandon Sanderson, 4.65 avg rating,"279,274 ratings"
"Fifty Shades Freed (Fifty Shades, #3)",E.L. James, 3.85 avg rating,"695,303 ratings"
"Beautiful Creatures (Caster Chronicles, #1)",Kami Garcia, 3.76 avg rating,"526,895 ratings"
"Eldest (The Inheritance Cycle, #2)",Christopher Paolini, 3.99 avg rating,"340,768 ratings"
Beowulf,Unknown, 3.45 avg rating,"229,435 ratings"
Steppenwolf,Hermann Hesse, 4.13 avg rating,"130,825 ratings"
Tuck Everlasting,Natalie Babbitt, 3.88 avg rating,"220,780 ratings"
Go Ask Alice,Beatrice Sparks, 3.76 avg rating,"230,339 ratings"
The Tell-Tale Heart and Other Writings,Edgar Allan Poe, 4.17 avg rating,"218,403 ratings"
"Dark Lover (Black Dagger Brotherhood, #1)",J.R. Ward, 4.20 avg rating,"282,172 ratings"
A Separate Peace,John Knowles, 3.58 avg rating,"187,918 ratings"
"Wonder (Wonder, #1)",R.J. Palacio, 4.45 avg rating,"687,852 ratings"
"The Eye of the World (The Wheel of Time, #1)",Robert Jordan, 4.18 avg rating,"373,426 ratings"
As I Lay Dying,William Faulkner, 3.72 avg rating,"134,016 ratings"
انتحار فاشل,أحمد جمال الدين رمضان, 4.49 avg rating,"2,081 ratings"
"The Final Empire (Mistborn, #1)",Brandon Sanderson, 4.45 avg rating,"376,948 ratings"
"The Complete Maus (Maus, #1-2)",Art Spiegelman, 4.56 avg rating,"129,373 ratings"
Mansfield Park,Jane Austen, 3.86 avg rating,"277,775 ratings"
The Amazing Adventures of Kavalier & Clay,Michael Chabon, 4.18 avg rating,"180,988 ratings"
"A Child Called ""It"" (Dave Pelzer, #1)",Dave Pelzer, 4.11 avg rating,"371,679 ratings"
"Brisingr (The Inheritance Cycle, #3)",Christopher Paolini, 4.06 avg rating,"286,335 ratings"
"Stargirl (Stargirl, #1)",Jerry Spinelli, 3.76 avg rating,"287,818 ratings"
Tao Te Ching,Lao Tzu, 4.30 avg rating,"109,720 ratings"
Dear John,Nicholas Sparks, 4.04 avg rating,"529,917 ratings"
العصبي,أحمد جمال الدين رمضان, 4.50 avg rating,"1,770 ratings"
The Martian Chronicles,Ray Bradbury, 4.14 avg rating,"203,207 ratings"
Midnight's Children,Salman Rushdie, 3.98 avg rating,"102,149 ratings"
"Obsidian (Lux, #1)",Jennifer L. Armentrout, 4.20 avg rating,"216,891 ratings"
"Crescendo (Hush, Hush, #2)",Becca Fitzpatrick, 4.05 avg rating,"267,912 ratings"
The Firm,John Grisham, 4.02 avg rating,"551,213 ratings"
"Zen and the Art of Motorcycle Maintenance: An Inquiry Into Values (Phaedrus, #1)",Robert M. Pirsig, 3.77 avg rating,"191,073 ratings"
The English Patient,Michael Ondaatje, 3.88 avg rating,"110,670 ratings"
'Salem's Lot,Stephen King, 4.02 avg rating,"321,209 ratings"
The Last Song,Nicholas Sparks, 4.15 avg rating,"498,782 ratings"
"My Ántonia (Great Plains Trilogy, #3)",Willa Cather, 3.79 avg rating,"117,626 ratings"
Cloud Atlas,David Mitchell, 4.01 avg rating,"208,515 ratings"
Robinson Crusoe,Daniel Defoe, 3.67 avg rating,"241,433 ratings"
Doctor Zhivago,Boris Pasternak, 4.03 avg rating,"78,121 ratings"
"Shatter Me (Shatter Me, #1)",Tahereh Mafi, 3.96 avg rating,"276,150 ratings"
The Martian,Andy Weir, 4.40 avg rating,"783,451 ratings"
Inferno,Dante Alighieri,really liked it 4.00 avg rating,"137,007 ratings"
East of Eden,John Steinbeck, 4.38 avg rating,"416,411 ratings"
Una Historia de Ayer,Sergio Cobo, 4.68 avg rating,784 ratings
Like Water for Chocolate,Laura Esquivel, 3.95 avg rating,"319,941 ratings"
The Hunchback of Notre-Dame,Victor Hugo,really liked it 4.00 avg rating,"165,191 ratings"
"The Amber Spyglass  (His Dark Materials, #3)",Philip Pullman, 4.09 avg rating,"285,883 ratings"
Breakfast at Tiffany's,Truman Capote, 3.89 avg rating,"207,118 ratings"
Breakfast of Champions,Kurt Vonnegut Jr., 4.07 avg rating,"218,599 ratings"
"Dragonfly in Amber (Outlander, #2)",Diana Gabaldon, 4.32 avg rating,"277,268 ratings"
Room,Emma Donoghue, 4.06 avg rating,"692,996 ratings"
The BFG,Roald Dahl, 4.23 avg rating,"354,900 ratings"
"Harry Potter Series Box Set (Harry Potter, #1-7)",J.K. Rowling, 4.74 avg rating,"244,758 ratings"
The Origin of Species,Charles Darwin, 3.98 avg rating,"94,336 ratings"
"Evermore (The Immortals, #1)",Alyson Noel, 3.59 avg rating,"257,536 ratings"
A Fine Balance,Rohinton Mistry, 4.36 avg rating,"123,793 ratings"
"Daughter of Smoke & Bone (Daughter of Smoke & Bone, #1)",Laini Taylor, 4.02 avg rating,"297,903 ratings"
"City of Heavenly Fire (The Mortal Instruments, #6)",Cassandra Clare, 4.45 avg rating,"273,898 ratings"
"The Subtle Knife  (His Dark Materials, #2)",Philip Pullman, 4.13 avg rating,"352,636 ratings"
Death of a Salesman,Arthur  Miller, 3.52 avg rating,"179,034 ratings"
The Plague,Albert Camus,really liked it 4.00 avg rating,"158,517 ratings"
The Prince,Niccolò Machiavelli, 3.82 avg rating,"248,886 ratings"
A Streetcar Named Desire,Tennessee Williams, 3.98 avg rating,"257,515 ratings"
Midnight in the Garden of Good and Evil,John Berendt, 3.92 avg rating,"214,950 ratings"
Snow Flower and the Secret Fan,Lisa See, 4.07 avg rating,"334,706 ratings"
"Faust, First Part",Johann Wolfgang von Goethe, 3.93 avg rating,"57,088 ratings"
"Anna and the French Kiss (Anna and the French Kiss, #1)",Stephanie Perkins, 4.01 avg rating,"355,606 ratings"
Infinite Jest,David Foster Wallace, 4.29 avg rating,"72,182 ratings"
"The Angel Experiment (Maximum Ride, #1)",James Patterson, 4.08 avg rating,"202,272 ratings"
11/22/63,Stephen King, 4.31 avg rating,"404,709 ratings"
The Strange Case of Dr. Jekyll and Mr. Hyde,Robert Louis Stevenson, 3.81 avg rating,"366,382 ratings"
The Remains of the Day,Kazuo Ishiguro, 4.12 avg rating,"191,908 ratings"
"A Feast for Crows (A Song of Ice and Fire, #4)",George R.R. Martin, 4.14 avg rating,"604,463 ratings"
"Matched (Matched, #1)",Ally Condie, 3.66 avg rating,"635,769 ratings"
"Flowers in the Attic (Dollanganger, #1)",V.C. Andrews, 3.82 avg rating,"153,640 ratings"
The Shipping News,Annie Proulx, 3.86 avg rating,"128,236 ratings"
The Scarlet Pimpernel,Emmuska Orczy, 4.07 avg rating,"119,940 ratings"
"Miss Peregrine's Home for Peculiar Children (Miss Peregrine's Peculiar Children, #1)",Ransom Riggs, 3.91 avg rating,"941,877 ratings"
Hamlet,William Shakespeare, 4.02 avg rating,"709,389 ratings"
The Chosen (Reuven Malther #1),Chaim Potok, 4.05 avg rating,"82,730 ratings"
"Hopeless (Hopeless, #1)",Colleen Hoover, 4.30 avg rating,"258,881 ratings"
"Six of Crows (Six of Crows, #1)",Leigh Bardugo, 4.46 avg rating,"272,026 ratings"
Jonathan Strange & Mr Norrell,Susanna Clarke, 3.82 avg rating,"189,474 ratings"
"Unbroken: A World War II Story of Survival, Resilience and Redemption",Laura Hillenbrand, 4.37 avg rating,"736,981 ratings"
High Fidelity,Nick Hornby, 3.94 avg rating,"170,386 ratings"
Houdini Heart,Ki Longfellow, 4.21 avg rating,"1,972 ratings"
The Tales of Beedle the Bard,J.K. Rowling, 4.07 avg rating,"392,865 ratings"
"Blood Meridian, or the Evening Redness in the West",Cormac McCarthy, 4.17 avg rating,"104,735 ratings"
"Artemis Fowl (Artemis Fowl, #1)",Eoin Colfer, 3.85 avg rating,"478,204 ratings"
The Reader,Bernhard Schlink, 3.76 avg rating,"166,993 ratings"
Pippi Longstocking,Astrid Lindgren, 4.13 avg rating,"162,208 ratings"
The Virgin Suicides,Jeffrey Eugenides, 3.84 avg rating,"221,440 ratings"
Nineteen Minutes,Jodi Picoult, 4.13 avg rating,"296,070 ratings"
All the Light We Cannot See,Anthony Doerr, 4.33 avg rating,"969,024 ratings"
Shantaram,Gregory David Roberts, 4.27 avg rating,"158,018 ratings"
"The Devil in the White City: Murder, Magic, and Madness at the Fair That Changed America",Erik Larson, 3.99 avg rating,"498,868 ratings"
The Age of Innocence,Edith Wharton, 3.95 avg rating,"136,571 ratings"
"The Lost Symbol (Robert Langdon, #3)",Dan Brown, 3.71 avg rating,"505,876 ratings"
"Neuromancer (Sprawl, #1)",William Gibson, 3.90 avg rating,"254,845 ratings"
Waiting for Godot,Samuel Beckett, 3.83 avg rating,"154,146 ratings"
Redeeming Love,Francine Rivers, 4.50 avg rating,"205,747 ratings"
"Betrayed (House of Night, #2)",P.C. Cast, 3.93 avg rating,"236,150 ratings"
"The Host (The Host, #1)",Stephenie Meyer, 3.84 avg rating,"874,739 ratings"
Dubliners,James Joyce, 3.85 avg rating,"119,849 ratings"
"The Voyage of the Dawn Treader (Chronicles of Narnia, #3)",C.S. Lewis, 4.09 avg rating,"383,932 ratings"
"The House of Hades (The Heroes of Olympus, #4)",Rick Riordan, 4.55 avg rating,"245,982 ratings"
Northanger Abbey,Jane Austen, 3.82 avg rating,"293,268 ratings"
"Lover Awakened (Black Dagger Brotherhood, #3)",J.R. Ward, 4.45 avg rating,"158,481 ratings"
Divine Secrets of the Ya-Ya Sisterhood,Rebecca Wells, 3.82 avg rating,"517,440 ratings"
Everything Is Illuminated,Jonathan Safran Foer, 3.90 avg rating,"162,464 ratings"
"Untamed (House of Night, #4)",P.C. Cast, 3.95 avg rating,"210,175 ratings"
The Waste Land,T.S. Eliot, 4.11 avg rating,"41,347 ratings"
"A Dance with Dragons (A Song of Ice and Fire, #5)",George R.R. Martin, 4.33 avg rating,"540,737 ratings"
The Pearl,John Steinbeck, 3.47 avg rating,"183,425 ratings"
The Grapes of Wrath,John Steinbeck, 3.97 avg rating,"729,571 ratings"
To the Lighthouse,Virginia Woolf, 3.78 avg rating,"126,805 ratings"
"I, Robot (Robot, #0.1)",Isaac Asimov, 4.20 avg rating,"266,431 ratings"
The Jungle,Upton Sinclair, 3.74 avg rating,"127,139 ratings"
War and Peace,Leo Tolstoy, 4.12 avg rating,"254,853 ratings"
"The Twilight Collection (Twilight, #1-3)",Stephenie Meyer, 3.79 avg rating,"43,506 ratings"
"I Know Why the Caged Bird Sings (Maya Angelou's Autobiography, #1)",Maya Angelou, 4.23 avg rating,"389,088 ratings"
Snow Falling on Cedars,David Guterson, 3.84 avg rating,"162,905 ratings"
"The One (The Selection, #3)",Kiera Cass, 4.20 avg rating,"353,566 ratings"
Carrie,Stephen King, 3.96 avg rating,"499,459 ratings"
Me Talk Pretty One Day,David Sedaris, 3.99 avg rating,"605,869 ratings"
"I, Claudius (Claudius, #1)",Robert Graves, 4.27 avg rating,"52,619 ratings"
"Crown of Midnight (Throne of Glass, #2)",Sarah J. Maas, 4.44 avg rating,"311,964 ratings"
"A Court of Thorns and Roses (A Court of Thorns and Roses, #1)",Sarah J. Maas, 4.24 avg rating,"419,576 ratings"
A Room with a View,E.M. Forster, 3.91 avg rating,"148,749 ratings"
"Voyager (Outlander, #3)",Diana Gabaldon, 4.39 avg rating,"246,605 ratings"
"Chosen (House of Night, #3)",P.C. Cast, 3.92 avg rating,"218,427 ratings"
The Elephant Tree,R.D. Ronald, 4.06 avg rating,"45,934 ratings"
The Republic,Plato, 3.94 avg rating,"162,155 ratings"
"The Last Battle (Chronicles of Narnia, #7)",C.S. Lewis, 4.03 avg rating,"213,122 ratings"
Bleak House,Charles Dickens, 4.01 avg rating,"93,360 ratings"
The Exorcist,William Peter Blatty, 4.17 avg rating,"174,488 ratings"
"Heir of Fire (Throne of Glass, #3)",Sarah J. Maas, 4.49 avg rating,"256,218 ratings"
"The 5th Wave (The 5th Wave, #1)",Rick Yancey, 4.05 avg rating,"376,030 ratings"
Demian: Die Geschichte von Emil Sinclairs Jugend,Hermann Hesse, 4.13 avg rating,"70,684 ratings"
"The Iron King (The Iron Fey, #1)",Julie Kagawa, 3.90 avg rating,"183,534 ratings"
"Torment (Fallen, #2)",Lauren Kate, 3.87 avg rating,"203,311 ratings"
