" 4.33 avg rating — 6,193,900 ratings"
" 4.50 avg rating — 2,415,016 ratings"
" 4.28 avg rating — 4,350,112 ratings"
" 4.26 avg rating — 2,887,904 ratings"
" 3.59 avg rating — 4,817,166 ratings"
" 4.37 avg rating — 1,767,971 ratings"
" 4.26 avg rating — 498,922 ratings"
" 3.94 avg rating — 2,632,720 ratings"
" 4.60 avg rating — 107,841 ratings"
" 4.30 avg rating — 1,054,609 ratings"
" 4.21 avg rating — 3,417,764 ratings"
" 4.22 avg rating — 1,380,787 ratings"
" 4.38 avg rating — 878,872 ratings"
" 3.86 avg rating — 1,300,933 ratings"
" 3.85 avg rating — 1,877,721 ratings"
" 4.12 avg rating — 1,681,326 ratings"
" 4.08 avg rating — 925,963 ratings"
" 4.07 avg rating — 444,749 ratings"
" 4.12 avg rating — 1,577,550 ratings"
" 4.17 avg rating — 649,650 ratings"
" 4.20 avg rating — 2,814,745 ratings"
" 3.99 avg rating — 1,610,375 ratings"
" 3.75 avg rating — 2,006,437 ratings"
" 3.68 avg rating — 2,199,782 ratings"
" 3.87 avg rating — 2,010,830 ratings"
" 4.22 avg rating — 600,817 ratings"
" 4.20 avg rating — 1,213,296 ratings"
" 3.92 avg rating — 3,655,494 ratings"
" 4.30 avg rating — 1,097,622 ratings"
" 4.10 avg rating — 1,569,458 ratings"
" 4.47 avg rating — 2,094,878 ratings"
" 4.26 avg rating — 698,880 ratings"
" 4.17 avg rating — 1,369,825 ratings"
" 3.97 avg rating — 1,541,431 ratings"
" 4.31 avg rating — 1,287,245 ratings"
" 3.87 avg rating — 1,891,249 ratings"
" 4.47 avg rating — 6,765,019 ratings"
"really liked it 4.00 avg rating — 903,001 ratings"
" 3.99 avg rating — 1,391,443 ratings"
" 4.08 avg rating — 727,521 ratings"
" 4.26 avg rating — 759,890 ratings"
" 3.81 avg rating — 2,659,822 ratings"
" 4.14 avg rating — 860,955 ratings"
" 4.37 avg rating — 1,112,035 ratings"
" 4.25 avg rating — 1,909,305 ratings"
"really liked it 4.00 avg rating — 1,028,986 ratings"
" 4.45 avg rating — 1,944,732 ratings"
" 3.82 avg rating — 1,132,182 ratings"
" 3.81 avg rating — 1,970,047 ratings"
" 4.22 avg rating — 791,546 ratings"
" 4.10 avg rating — 903,390 ratings"
" 4.30 avg rating — 592,667 ratings"
" 3.77 avg rating — 841,896 ratings"
" 3.91 avg rating — 1,303,114 ratings"
" 3.84 avg rating — 792,536 ratings"
" 4.09 avg rating — 1,347,774 ratings"
" 3.89 avg rating — 645,138 ratings"
" 4.08 avg rating — 1,098,086 ratings"
" 3.80 avg rating — 1,127,034 ratings"
" 4.30 avg rating — 2,354,119 ratings"
" 4.11 avg rating — 1,389,262 ratings"
" 4.13 avg rating — 1,719,403 ratings"
" 3.98 avg rating — 707,105 ratings"
" 4.23 avg rating — 712,274 ratings"
" 4.32 avg rating — 629,906 ratings"
" 4.34 avg rating — 594,732 ratings"
" 4.30 avg rating — 234,054 ratings"
" 4.06 avg rating — 422,508 ratings"
" 3.77 avg rating — 632,932 ratings"
" 4.20 avg rating — 614,707 ratings"
" 4.01 avg rating — 570,668 ratings"
" 4.05 avg rating — 644,718 ratings"
" 4.08 avg rating — 1,038,429 ratings"
" 4.08 avg rating — 1,629,087 ratings"
" 4.23 avg rating — 793,449 ratings"
" 4.14 avg rating — 2,532,050 ratings"
" 4.32 avg rating — 611,564 ratings"
" 4.62 avg rating — 2,711,768 ratings"
" 4.36 avg rating — 2,294,062 ratings"
" 4.23 avg rating — 428,344 ratings"
" 4.21 avg rating — 500,912 ratings"
" 4.27 avg rating — 379,271 ratings"
" 3.97 avg rating — 694,777 ratings"
" 4.18 avg rating — 2,998,656 ratings"
" 4.32 avg rating — 233,945 ratings"
" 4.11 avg rating — 525,954 ratings"
" 4.13 avg rating — 534,095 ratings"
" 4.06 avg rating — 647,714 ratings"
" 4.03 avg rating — 560,239 ratings"
" 3.98 avg rating — 1,249,467 ratings"
" 3.87 avg rating — 201,439 ratings"
" 3.69 avg rating — 347,093 ratings"
" 3.78 avg rating — 800,377 ratings"
" 4.57 avg rating — 2,684,581 ratings"
" 4.10 avg rating — 1,295,112 ratings"
" 3.99 avg rating — 580,152 ratings"
" 4.35 avg rating — 259,651 ratings"
" 4.39 avg rating — 211,812 ratings"
" 4.23 avg rating — 282,074 ratings"
"really liked it 4.00 avg rating — 471,473 ratings"
" 3.50 avg rating — 469,223 ratings"
" 4.18 avg rating — 509,801 ratings"
" 4.05 avg rating — 1,095,431 ratings"
" 4.56 avg rating — 2,493,470 ratings"
" 4.33 avg rating — 637,824 ratings"
" 4.26 avg rating — 768,407 ratings"
" 4.01 avg rating — 573,560 ratings"
" 4.57 avg rating — 2,350,155 ratings"
" 3.98 avg rating — 673,979 ratings"
" 4.30 avg rating — 231,132 ratings"
" 4.54 avg rating — 684,323 ratings"
" 4.23 avg rating — 1,084,318 ratings"
" 3.91 avg rating — 736,927 ratings"
" 3.90 avg rating — 1,396,948 ratings"
" 4.14 avg rating — 638,676 ratings"
" 3.62 avg rating — 336,128 ratings"
" 4.13 avg rating — 462,419 ratings"
" 3.82 avg rating — 607,629 ratings"
" 4.03 avg rating — 1,078,309 ratings"
" 4.27 avg rating — 438,865 ratings"
" 3.88 avg rating — 1,158,356 ratings"
" 4.30 avg rating — 382,677 ratings"
" 4.11 avg rating — 756,906 ratings"
" 4.10 avg rating — 327,713 ratings"
" 4.12 avg rating — 289,155 ratings"
" 4.08 avg rating — 332,931 ratings"
" 3.41 avg rating — 688,725 ratings"
" 4.37 avg rating — 322,089 ratings"
" 4.42 avg rating — 2,619,735 ratings"
" 4.07 avg rating — 507,585 ratings"
" 4.19 avg rating — 482,670 ratings"
" 3.94 avg rating — 565,807 ratings"
" 3.97 avg rating — 554,685 ratings"
" 4.49 avg rating — 142,699 ratings"
" 4.17 avg rating — 408,577 ratings"
" 4.11 avg rating — 734,197 ratings"
" 3.97 avg rating — 940,890 ratings"
" 4.03 avg rating — 308,439 ratings"
" 4.25 avg rating — 727,993 ratings"
" 4.22 avg rating — 2,062,754 ratings"
" 4.24 avg rating — 768,478 ratings"
" 4.36 avg rating — 478,551 ratings"
" 4.34 avg rating — 139,538 ratings"
" 4.51 avg rating — 635,358 ratings"
" 4.06 avg rating — 111,814 ratings"
" 4.07 avg rating — 261,199 ratings"
" 3.98 avg rating — 347,449 ratings"
" 4.44 avg rating — 8,383 ratings"
" 3.92 avg rating — 397,146 ratings"
" 4.36 avg rating — 317,705 ratings"
" 4.18 avg rating — 655,661 ratings"
" 4.23 avg rating — 306,767 ratings"
" 4.03 avg rating — 1,131,987 ratings"
" 4.27 avg rating — 2,801,423 ratings"
" 4.37 avg rating — 319,276 ratings"
" 4.36 avg rating — 279,522 ratings"
" 4.18 avg rating — 295,854 ratings"
" 3.56 avg rating — 1,436,557 ratings"
" 3.90 avg rating — 430,071 ratings"
" 3.92 avg rating — 251,872 ratings"
" 4.07 avg rating — 265,896 ratings"
" 3.99 avg rating — 354,226 ratings"
" 4.28 avg rating — 301,264 ratings"
" 4.28 avg rating — 295,237 ratings"
" 4.35 avg rating — 273,407 ratings"
" 4.25 avg rating — 515,852 ratings"
" 4.34 avg rating — 269,057 ratings"
" 3.80 avg rating — 232,961 ratings"
" 3.98 avg rating — 219,547 ratings"
" 3.43 avg rating — 400,839 ratings"
" 4.23 avg rating — 225,505 ratings"
" 3.95 avg rating — 434,198 ratings"
" 4.40 avg rating — 707,439 ratings"
" 4.12 avg rating — 186,291 ratings"
" 4.58 avg rating — 319,518 ratings"
" 3.93 avg rating — 588,799 ratings"
" 4.24 avg rating — 712,039 ratings"
" 4.03 avg rating — 374,609 ratings"
" 4.35 avg rating — 651,542 ratings"
" 3.87 avg rating — 328,348 ratings"
" 3.84 avg rating — 195,738 ratings"
" 3.67 avg rating — 243,620 ratings"
" 4.21 avg rating — 230,081 ratings"
" 4.01 avg rating — 430,440 ratings"
" 4.36 avg rating — 317,285 ratings"
" 4.24 avg rating — 791,120 ratings"
" 4.48 avg rating — 184,741 ratings"
" 4.02 avg rating — 1,007,751 ratings"
" 3.87 avg rating — 309,708 ratings"
" 3.73 avg rating — 106,959 ratings"
" 3.99 avg rating — 580,152 ratings"
" 4.18 avg rating — 156,602 ratings"
" 3.83 avg rating — 387,046 ratings"
" 4.05 avg rating — 223,603 ratings"
" 3.66 avg rating — 1,876,919 ratings"
" 3.50 avg rating — 184,893 ratings"
" 4.09 avg rating — 201,501 ratings"
" 4.54 avg rating — 649,724 ratings"
" 3.81 avg rating — 256,936 ratings"
" 3.99 avg rating — 194,697 ratings"
" 3.93 avg rating — 750,803 ratings"
" 3.53 avg rating — 565,412 ratings"
" 4.39 avg rating — 142,643 ratings"
" 3.98 avg rating — 373,731 ratings"
" 4.06 avg rating — 449,739 ratings"
" 4.20 avg rating — 264,847 ratings"
" 4.35 avg rating — 139,510 ratings"
" 4.26 avg rating — 139,143 ratings"
" 4.17 avg rating — 355,269 ratings"
" 4.15 avg rating — 489,613 ratings"
" 3.73 avg rating — 479,348 ratings"
" 4.40 avg rating — 250,324 ratings"
" 4.03 avg rating — 782,791 ratings"
" 4.04 avg rating — 652,694 ratings"
" 4.07 avg rating — 4,176 ratings"
" 3.93 avg rating — 208,886 ratings"
" 3.89 avg rating — 225,844 ratings"
" 3.85 avg rating — 311,844 ratings"
" 3.82 avg rating — 359,269 ratings"
" 3.97 avg rating — 221,217 ratings"
" 4.30 avg rating — 215,311 ratings"
" 4.36 avg rating — 255,458 ratings"
" 4.14 avg rating — 837,079 ratings"
" 4.34 avg rating — 593,917 ratings"
" 4.04 avg rating — 61,221 ratings"
" 4.16 avg rating — 331,983 ratings"
" 3.58 avg rating — 315,148 ratings"
" 4.45 avg rating — 424,090 ratings"
" 4.21 avg rating — 554,183 ratings"
" 4.29 avg rating — 2,416,767 ratings"
" 3.89 avg rating — 611,567 ratings"
" 4.23 avg rating — 318,982 ratings"
" 4.43 avg rating — 247,180 ratings"
" 3.94 avg rating — 235,196 ratings"
" 3.99 avg rating — 172,599 ratings"
" 3.94 avg rating — 2,632,720 ratings"
" 4.35 avg rating — 364,827 ratings"
" 3.77 avg rating — 420,935 ratings"
" 4.19 avg rating — 448,673 ratings"
" 3.86 avg rating — 547,262 ratings"
" 3.88 avg rating — 311,568 ratings"
" 4.36 avg rating — 365,122 ratings"
" 4.13 avg rating — 462,936 ratings"
" 4.14 avg rating — 434,897 ratings"
" 4.16 avg rating — 209,846 ratings"
" 3.98 avg rating — 377,307 ratings"
" 3.97 avg rating — 192,780 ratings"
" 3.86 avg rating — 155,884 ratings"
" 3.77 avg rating — 524,412 ratings"
" 4.41 avg rating — 768,135 ratings"
" 4.13 avg rating — 190,406 ratings"
" 4.45 avg rating — 241,110 ratings"
" 3.80 avg rating — 419,791 ratings"
" 4.08 avg rating — 292,396 ratings"
" 4.14 avg rating — 651,071 ratings"
" 4.17 avg rating — 590,018 ratings"
" 3.97 avg rating — 244,481 ratings"
" 4.82 avg rating — 34,366 ratings"
" 4.23 avg rating — 182,113 ratings"
" 4.44 avg rating — 142,001 ratings"
" 3.84 avg rating — 281,930 ratings"
" 3.92 avg rating — 269,573 ratings"
" 4.16 avg rating — 477,112 ratings"
" 4.28 avg rating — 200,548 ratings"
" 4.02 avg rating — 143,952 ratings"
" 3.97 avg rating — 317,928 ratings"
" 4.22 avg rating — 629,782 ratings"
" 4.11 avg rating — 533,009 ratings"
" 4.43 avg rating — 2,219 ratings"
" 3.97 avg rating — 410,087 ratings"
" 3.89 avg rating — 306,386 ratings"
" 4.02 avg rating — 476,897 ratings"
" 3.81 avg rating — 880,342 ratings"
" 4.18 avg rating — 125,548 ratings"
" 4.07 avg rating — 171,263 ratings"
" 4.07 avg rating — 94,620 ratings"
" 4.19 avg rating — 285,639 ratings"
" 4.10 avg rating — 289,624 ratings"
" 3.91 avg rating — 174,949 ratings"
" 4.17 avg rating — 414,567 ratings"
" 3.98 avg rating — 853,747 ratings"
" 4.25 avg rating — 147,903 ratings"
" 3.87 avg rating — 191,192 ratings"
" 3.89 avg rating — 356,392 ratings"
" 4.14 avg rating — 2,642,983 ratings"
" 3.78 avg rating — 236,801 ratings"
" 4.02 avg rating — 364,988 ratings"
" 3.87 avg rating — 152,492 ratings"
" 4.50 avg rating — 165,666 ratings"
" 3.77 avg rating — 214,188 ratings"
" 4.08 avg rating — 372,137 ratings"
" 4.32 avg rating — 110,841 ratings"
" 4.12 avg rating — 87,638 ratings"
" 3.82 avg rating — 129,556 ratings"
" 4.07 avg rating — 2,247,213 ratings"
" 3.96 avg rating — 267,029 ratings"
" 4.35 avg rating — 169,387 ratings"
" 4.13 avg rating — 158,225 ratings"
" 4.13 avg rating — 244,501 ratings"
" 3.89 avg rating — 397,648 ratings"
" 4.17 avg rating — 392,978 ratings"
" 4.50 avg rating — 49,951 ratings"
" 4.03 avg rating — 327,634 ratings"
" 3.99 avg rating — 169,444 ratings"
" 3.91 avg rating — 182,846 ratings"
" 4.14 avg rating — 290,021 ratings"
" 3.93 avg rating — 191,253 ratings"
" 3.79 avg rating — 150,290 ratings"
" 4.06 avg rating — 7,281 ratings"
" 4.28 avg rating — 407,498 ratings"
" 4.57 avg rating — 408,501 ratings"
 3.93 avg rating — 942 ratings
" 3.65 avg rating — 167,736 ratings"
" 4.19 avg rating — 80,598 ratings"
" 4.06 avg rating — 549,992 ratings"
" 4.24 avg rating — 189,587 ratings"
" 4.28 avg rating — 260,798 ratings"
" 3.96 avg rating — 487,785 ratings"
" 3.82 avg rating — 449,401 ratings"
" 4.44 avg rating — 394,896 ratings"
" 3.85 avg rating — 724,955 ratings"
" 4.45 avg rating — 118,677 ratings"
" 3.67 avg rating — 277,612 ratings"
" 3.97 avg rating — 132,509 ratings"
" 3.78 avg rating — 870,484 ratings"
" 3.98 avg rating — 182,544 ratings"
" 3.79 avg rating — 214,976 ratings"
" 4.04 avg rating — 394,349 ratings"
" 4.26 avg rating — 821,842 ratings"
" 4.09 avg rating — 345,744 ratings"
" 4.35 avg rating — 75,898 ratings"
" 4.07 avg rating — 690,397 ratings"
" 3.95 avg rating — 498,049 ratings"
" 4.15 avg rating — 431,092 ratings"
" 4.21 avg rating — 283,661 ratings"
" 4.09 avg rating — 329,263 ratings"
" 4.07 avg rating — 827,200 ratings"
" 4.65 avg rating — 292,290 ratings"
" 3.96 avg rating — 231,253 ratings"
" 4.04 avg rating — 2,266,853 ratings"
" 3.62 avg rating — 125,410 ratings"
" 4.21 avg rating — 443,773 ratings"
" 3.63 avg rating — 801,154 ratings"
" 3.57 avg rating — 226,619 ratings"
" 3.93 avg rating — 234,733 ratings"
" 3.82 avg rating — 230,434 ratings"
" 3.95 avg rating — 694,751 ratings"
" 4.26 avg rating — 1,096,867 ratings"
" 4.12 avg rating — 243,976 ratings"
" 4.18 avg rating — 398,102 ratings"
" 4.36 avg rating — 196,441 ratings"
" 4.46 avg rating — 424,311 ratings"
" 4.25 avg rating — 255,417 ratings"
" 4.50 avg rating — 547,584 ratings"
" 4.56 avg rating — 29,056 ratings"
" 3.86 avg rating — 217,360 ratings"
" 4.18 avg rating — 299,125 ratings"
" 4.14 avg rating — 422,661 ratings"
" 4.35 avg rating — 56,650 ratings"
" 3.98 avg rating — 147,382 ratings"
" 4.65 avg rating — 279,270 ratings"
" 3.85 avg rating — 695,298 ratings"
" 3.76 avg rating — 526,894 ratings"
" 3.99 avg rating — 340,765 ratings"
" 3.45 avg rating — 229,434 ratings"
" 4.13 avg rating — 130,825 ratings"
" 3.88 avg rating — 220,773 ratings"
" 3.76 avg rating — 230,338 ratings"
" 4.17 avg rating — 218,401 ratings"
" 4.20 avg rating — 282,170 ratings"
" 3.58 avg rating — 187,917 ratings"
" 4.45 avg rating — 687,831 ratings"
" 4.18 avg rating — 373,417 ratings"
" 3.72 avg rating — 134,015 ratings"
" 4.45 avg rating — 376,940 ratings"
" 4.56 avg rating — 129,374 ratings"
" 4.49 avg rating — 2,081 ratings"
" 3.86 avg rating — 277,772 ratings"
" 4.18 avg rating — 180,987 ratings"
" 4.11 avg rating — 371,673 ratings"
" 4.06 avg rating — 286,333 ratings"
" 3.76 avg rating — 287,814 ratings"
" 4.30 avg rating — 109,720 ratings"
" 4.04 avg rating — 529,912 ratings"
" 4.14 avg rating — 203,207 ratings"
" 3.98 avg rating — 102,149 ratings"
" 4.20 avg rating — 216,889 ratings"
" 4.50 avg rating — 1,770 ratings"
" 4.05 avg rating — 267,910 ratings"
" 4.02 avg rating — 551,208 ratings"
" 3.77 avg rating — 191,066 ratings"
" 3.88 avg rating — 110,670 ratings"
" 4.02 avg rating — 321,209 ratings"
" 4.15 avg rating — 498,783 ratings"
" 3.79 avg rating — 117,626 ratings"
" 4.01 avg rating — 208,510 ratings"
" 3.67 avg rating — 241,431 ratings"
" 4.03 avg rating — 78,118 ratings"
" 3.96 avg rating — 276,147 ratings"
" 4.40 avg rating — 783,445 ratings"
"really liked it 4.00 avg rating — 137,006 ratings"
" 4.38 avg rating — 416,406 ratings"
 4.68 avg rating — 784 ratings
" 3.95 avg rating — 319,942 ratings"
"really liked it 4.00 avg rating — 165,190 ratings"
" 4.09 avg rating — 285,879 ratings"
" 3.89 avg rating — 207,117 ratings"
" 4.07 avg rating — 218,597 ratings"
" 4.32 avg rating — 277,263 ratings"
" 4.06 avg rating — 692,996 ratings"
" 4.23 avg rating — 354,892 ratings"
" 4.74 avg rating — 244,754 ratings"
" 3.98 avg rating — 94,335 ratings"
" 3.59 avg rating — 257,535 ratings"
" 4.36 avg rating — 123,791 ratings"
" 4.02 avg rating — 297,898 ratings"
" 4.45 avg rating — 273,890 ratings"
" 4.13 avg rating — 352,634 ratings"
" 3.52 avg rating — 179,034 ratings"
"really liked it 4.00 avg rating — 158,511 ratings"
" 3.82 avg rating — 248,882 ratings"
" 3.98 avg rating — 257,513 ratings"
" 3.92 avg rating — 214,947 ratings"
" 4.07 avg rating — 334,702 ratings"
" 3.93 avg rating — 57,088 ratings"
" 4.01 avg rating — 355,606 ratings"
" 4.29 avg rating — 72,182 ratings"
" 4.08 avg rating — 202,271 ratings"
" 4.31 avg rating — 404,705 ratings"
" 3.81 avg rating — 366,378 ratings"
" 4.12 avg rating — 191,908 ratings"
" 4.14 avg rating — 604,461 ratings"
" 3.66 avg rating — 635,762 ratings"
" 3.82 avg rating — 153,635 ratings"
" 3.86 avg rating — 128,236 ratings"
" 4.07 avg rating — 119,939 ratings"
" 3.91 avg rating — 941,866 ratings"
" 4.02 avg rating — 709,379 ratings"
" 4.05 avg rating — 82,729 ratings"
" 4.30 avg rating — 258,879 ratings"
" 4.46 avg rating — 272,022 ratings"
" 3.82 avg rating — 189,471 ratings"
" 4.37 avg rating — 736,963 ratings"
" 3.94 avg rating — 170,384 ratings"
" 4.21 avg rating — 1,972 ratings"
" 4.07 avg rating — 392,862 ratings"
" 4.17 avg rating — 104,733 ratings"
" 3.85 avg rating — 478,195 ratings"
" 3.76 avg rating — 166,990 ratings"
" 4.13 avg rating — 162,205 ratings"
" 3.84 avg rating — 221,436 ratings"
" 4.13 avg rating — 296,067 ratings"
" 4.33 avg rating — 969,008 ratings"
" 4.27 avg rating — 158,014 ratings"
" 3.99 avg rating — 498,864 ratings"
" 3.95 avg rating — 136,571 ratings"
" 3.71 avg rating — 505,874 ratings"
" 3.90 avg rating — 254,843 ratings"
" 3.83 avg rating — 154,141 ratings"
" 4.50 avg rating — 205,747 ratings"
" 3.93 avg rating — 236,150 ratings"
" 3.84 avg rating — 874,735 ratings"
" 3.85 avg rating — 119,848 ratings"
" 4.09 avg rating — 383,927 ratings"
" 4.55 avg rating — 245,980 ratings"
" 3.82 avg rating — 293,264 ratings"
" 4.45 avg rating — 158,480 ratings"
" 3.82 avg rating — 517,439 ratings"
" 3.90 avg rating — 162,464 ratings"
" 3.95 avg rating — 210,173 ratings"
" 4.11 avg rating — 41,346 ratings"
" 4.33 avg rating — 540,733 ratings"
" 3.47 avg rating — 183,422 ratings"
" 3.97 avg rating — 729,560 ratings"
" 3.78 avg rating — 126,804 ratings"
" 4.20 avg rating — 266,429 ratings"
" 3.74 avg rating — 127,137 ratings"
" 4.12 avg rating — 254,850 ratings"
" 3.79 avg rating — 43,506 ratings"
" 4.23 avg rating — 389,084 ratings"
" 3.84 avg rating — 162,904 ratings"
" 4.20 avg rating — 353,560 ratings"
" 3.96 avg rating — 499,455 ratings"
" 3.99 avg rating — 605,863 ratings"
" 4.27 avg rating — 52,619 ratings"
" 4.44 avg rating — 311,957 ratings"
" 4.24 avg rating — 419,570 ratings"
" 3.91 avg rating — 148,748 ratings"
" 4.39 avg rating — 246,601 ratings"
" 3.92 avg rating — 218,425 ratings"
" 4.06 avg rating — 45,919 ratings"
" 3.94 avg rating — 162,155 ratings"
" 4.03 avg rating — 213,121 ratings"
" 4.01 avg rating — 93,357 ratings"
" 4.17 avg rating — 174,486 ratings"
" 4.49 avg rating — 256,213 ratings"
" 4.05 avg rating — 376,026 ratings"
" 4.13 avg rating — 70,683 ratings"
" 3.90 avg rating — 183,532 ratings"
" 3.87 avg rating — 203,311 ratings"
